-- MySQL dump 10.13  Distrib 5.5.42, for Linux (x86_64)
--
-- Host: localhost    Database: starpractice
-- ------------------------------------------------------
-- Server version	5.5.42

/*!40101 SET @OLD_CHARACTER_SET_CLIENT=@@CHARACTER_SET_CLIENT */;
/*!40101 SET @OLD_CHARACTER_SET_RESULTS=@@CHARACTER_SET_RESULTS */;
/*!40101 SET @OLD_COLLATION_CONNECTION=@@COLLATION_CONNECTION */;
/*!40101 SET NAMES utf8 */;
/*!40103 SET @OLD_TIME_ZONE=@@TIME_ZONE */;
/*!40103 SET TIME_ZONE='+00:00' */;
/*!40014 SET @OLD_UNIQUE_CHECKS=@@UNIQUE_CHECKS, UNIQUE_CHECKS=0 */;
/*!40014 SET @OLD_FOREIGN_KEY_CHECKS=@@FOREIGN_KEY_CHECKS, FOREIGN_KEY_CHECKS=0 */;
/*!40101 SET @OLD_SQL_MODE=@@SQL_MODE, SQL_MODE='NO_AUTO_VALUE_ON_ZERO' */;
/*!40111 SET @OLD_SQL_NOTES=@@SQL_NOTES, SQL_NOTES=0 */;

--
-- Table structure for table `activity`
--

DROP TABLE IF EXISTS `activity`;
/*!40101 SET @saved_cs_client     = @@character_set_client */;
/*!40101 SET character_set_client = utf8 */;
CREATE TABLE `activity` (
  `id` varchar(50) NOT NULL,
  `name` varchar(50) NOT NULL,
  `short_description` varchar(100) NOT NULL,
  `description` varchar(200) NOT NULL,
  `author_name` varchar(50) NOT NULL,
  `author_email` varchar(50) NOT NULL,
  `author_date` date NOT NULL,
  `version` int(11) NOT NULL,
  PRIMARY KEY (`id`)
) ENGINE=InnoDB DEFAULT CHARSET=utf8;
/*!40101 SET character_set_client = @saved_cs_client */;

--
-- Dumping data for table `activity`
--

LOCK TABLES `activity` WRITE;
/*!40000 ALTER TABLE `activity` DISABLE KEYS */;
INSERT INTO `activity` VALUES ('com.sparkydots.numeric.tasks.ssat.c.q00','Elementary Math Problems','Typical problems in elementary Math tests.','In this practice set student can work on the the typical Math problems at the elementary level.','Sparky Dots','info@sparkydots.com','2014-09-10',3),('com.sparkydots.numeric.tasks.t.basic_math','Arithmetic Practice','Practice addition, subtraction, etc.','Practice adding, subtracting, multiplying, dividing numbers.','Sparky Dots','info@sparkydots.com','2014-08-01',2),('com.sparkydots.numeric.tasks.t.multiple_choice','Odd One Out','Guess which item doesn\'t fit in the list with other items.','Given a list of several items, guess which item doesn\'t fit in the list with other items.','Sparky Dots','info@sparkydots.com','2014-08-01',1),('com.sparkydots.numeric.tasks.u.ssat.frac_problems','Fraction Problems','Typical \'Fraction\' problems in Math tests.','In this practice set student can work on the the typical \'Fraction\' problems at the elementary level.','Sparky Dots','info@sparkydots.com','2014-09-28',1),('com.sparkydots.numeric.tasks.u.ssat.geo_problems','Geometry Problems','\'Geometry\' problems in elementary Math tests.','In this practice set student can work on the the typical \'Geometry\' problems at the elementary level.','Sparky Dots','info@sparkydots.com','2014-09-28',1),('com.sparkydots.numeric.tasks.u.ssat.ratio_problems','Ratio Problems','\'Ratio\' problems in elementary Math tests.','In this practice set student can work on the the typical \'Ratio\' problems at the elementary level.','Sparky Dots','info@sparkydots.com','2014-09-28',1);
/*!40000 ALTER TABLE `activity` ENABLE KEYS */;
UNLOCK TABLES;

--
-- Table structure for table `channel`
--

DROP TABLE IF EXISTS `channel`;
/*!40101 SET @saved_cs_client     = @@character_set_client */;
/*!40101 SET character_set_client = utf8 */;
CREATE TABLE `channel` (
  `id` varchar(50) NOT NULL,
  `name` varchar(50) NOT NULL,
  `description` varchar(200) NOT NULL,
  `create_date` date NOT NULL,
  PRIMARY KEY (`id`)
) ENGINE=InnoDB DEFAULT CHARSET=utf8;
/*!40101 SET character_set_client = @saved_cs_client */;

--
-- Dumping data for table `channel`
--

LOCK TABLES `channel` WRITE;
/*!40000 ALTER TABLE `channel` DISABLE KEYS */;
INSERT INTO `channel` VALUES ('public.1000','Default Public','Default Channel for Starpractice','2014-09-26'),('public.EarnIt','Default Public for EarnIt','Public','2014-09-27');
/*!40000 ALTER TABLE `channel` ENABLE KEYS */;
UNLOCK TABLES;

--
-- Table structure for table `channel_activity`
--

DROP TABLE IF EXISTS `channel_activity`;
/*!40101 SET @saved_cs_client     = @@character_set_client */;
/*!40101 SET character_set_client = utf8 */;
CREATE TABLE `channel_activity` (
  `channel_id` varchar(50) NOT NULL,
  `activity_id` varchar(50) NOT NULL,
  PRIMARY KEY (`channel_id`,`activity_id`)
) ENGINE=InnoDB DEFAULT CHARSET=utf8;
/*!40101 SET character_set_client = @saved_cs_client */;

--
-- Dumping data for table `channel_activity`
--

LOCK TABLES `channel_activity` WRITE;
/*!40000 ALTER TABLE `channel_activity` DISABLE KEYS */;
INSERT INTO `channel_activity` VALUES ('com.sparkydots.numeric.tasks.ssat.c.ratio_problems','public.EarnIt'),('public.1000','com.sparkydots.numeric.tasks.ssat.c.q00'),('public.1000','com.sparkydots.numeric.tasks.t.basic_math'),('public.1000','com.sparkydots.numeric.tasks.u.ssat.frac_problems'),('public.1000','com.sparkydots.numeric.tasks.u.ssat.geo_problems'),('public.1000','com.sparkydots.numeric.tasks.u.ssat.ratio_problems'),('public.EarnIt','com.sparkydots.numeric.tasks.ssat.c.q00'),('public.EarnIt','com.sparkydots.numeric.tasks.t.basic_math'),('public.EarnIt','com.sparkydots.numeric.tasks.u.ssat.frac_problems'),('public.EarnIt','com.sparkydots.numeric.tasks.u.ssat.geo_problems'),('public.EarnIt','com.sparkydots.numeric.tasks.u.ssat.ratio_problems');
/*!40000 ALTER TABLE `channel_activity` ENABLE KEYS */;
UNLOCK TABLES;

--
-- Table structure for table `end_user_alias`
--

DROP TABLE IF EXISTS `end_user_alias`;
/*!40101 SET @saved_cs_client     = @@character_set_client */;
/*!40101 SET character_set_client = utf8 */;
CREATE TABLE `end_user_alias` (
  `id` varchar(50) NOT NULL,
  `end_user_profile_id` varchar(50) NOT NULL,
  PRIMARY KEY (`id`)
) ENGINE=InnoDB DEFAULT CHARSET=utf8;
/*!40101 SET character_set_client = @saved_cs_client */;

--
-- Dumping data for table `end_user_alias`
--

LOCK TABLES `end_user_alias` WRITE;
/*!40000 ALTER TABLE `end_user_alias` DISABLE KEYS */;
/*!40000 ALTER TABLE `end_user_alias` ENABLE KEYS */;
UNLOCK TABLES;

--
-- Table structure for table `end_user_channel`
--

DROP TABLE IF EXISTS `end_user_channel`;
/*!40101 SET @saved_cs_client     = @@character_set_client */;
/*!40101 SET character_set_client = utf8 */;
CREATE TABLE `end_user_channel` (
  `end_user_profile_id` varchar(50) NOT NULL,
  `channel_id` varchar(50) NOT NULL,
  PRIMARY KEY (`end_user_profile_id`,`channel_id`)
) ENGINE=InnoDB DEFAULT CHARSET=utf8;
/*!40101 SET character_set_client = @saved_cs_client */;

--
-- Dumping data for table `end_user_channel`
--

LOCK TABLES `end_user_channel` WRITE;
/*!40000 ALTER TABLE `end_user_channel` DISABLE KEYS */;
/*!40000 ALTER TABLE `end_user_channel` ENABLE KEYS */;
UNLOCK TABLES;

--
-- Table structure for table `end_user_permissions`
--

DROP TABLE IF EXISTS `end_user_permissions`;
/*!40101 SET @saved_cs_client     = @@character_set_client */;
/*!40101 SET character_set_client = utf8 */;
CREATE TABLE `end_user_permissions` (
  `end_user_profile_id` varchar(50) NOT NULL,
  `resource_type` varchar(50) NOT NULL,
  `resource_id` varchar(50) NOT NULL,
  `permission` int(11) NOT NULL,
  PRIMARY KEY (`end_user_profile_id`,`resource_type`,`resource_id`),
  KEY `end_user_profile_id` (`end_user_profile_id`,`resource_type`)
) ENGINE=InnoDB DEFAULT CHARSET=utf8;
/*!40101 SET character_set_client = @saved_cs_client */;

--
-- Dumping data for table `end_user_permissions`
--

LOCK TABLES `end_user_permissions` WRITE;
/*!40000 ALTER TABLE `end_user_permissions` DISABLE KEYS */;
INSERT INTO `end_user_permissions` VALUES ('1bca492c9b197fa9a13c0b0b81222ba0','root','1',7),('480b7f2c816bb1e4b410bf0c253ce1a0','root','1',7);
/*!40000 ALTER TABLE `end_user_permissions` ENABLE KEYS */;
UNLOCK TABLES;

--
-- Table structure for table `end_user_profile`
--

DROP TABLE IF EXISTS `end_user_profile`;
/*!40101 SET @saved_cs_client     = @@character_set_client */;
/*!40101 SET character_set_client = utf8 */;
CREATE TABLE `end_user_profile` (
  `id` varchar(50) NOT NULL,
  `name` varchar(50) NOT NULL,
  `create_date` date NOT NULL,
  PRIMARY KEY (`id`)
) ENGINE=InnoDB DEFAULT CHARSET=utf8;
/*!40101 SET character_set_client = @saved_cs_client */;

--
-- Dumping data for table `end_user_profile`
--

LOCK TABLES `end_user_profile` WRITE;
/*!40000 ALTER TABLE `end_user_profile` DISABLE KEYS */;
INSERT INTO `end_user_profile` VALUES ('0278ef8bcd8018e529a4cd1bd03547ba','0278ef8bcd8018e529a4cd1bd03547ba','2015-06-06'),('02dd9b547970234768e88810a3bee2fc','02dd9b547970234768e88810a3bee2fc','2015-09-09'),('03ab9bcf5b78be12e29281435f5ae73d','03ab9bcf5b78be12e29281435f5ae73d','2014-10-15'),('041b70f6d76290f948ed5bf3945ddbf2','041b70f6d76290f948ed5bf3945ddbf2','2014-10-08'),('0496e67d974eda1a65430f184c1a8704','0496e67d974eda1a65430f184c1a8704','2015-09-09'),('051830ed1521d72969766be711f55f77','051830ed1521d72969766be711f55f77','2014-10-21'),('054f02ea94271d0999c24dce87606c38','054f02ea94271d0999c24dce87606c38','2015-07-24'),('05859235b9e1470caae1afcd6f779be6','05859235b9e1470caae1afcd6f779be6','2014-10-02'),('05aab548b2a4c622eac316c209b1d841','05aab548b2a4c622eac316c209b1d841','2014-11-01'),('05aec3542c16d2515fd369f14f998a35','05aec3542c16d2515fd369f14f998a35','2014-09-29'),('05dd37b46646b429f6ccbabd0c6a4cf3','05dd37b46646b429f6ccbabd0c6a4cf3','2015-01-07'),('0649a576d3d4230e9a47c4774baf96e7','0649a576d3d4230e9a47c4774baf96e7','2014-10-05'),('067c24d6242c0dafcb01e5bc82d7dc3d','067c24d6242c0dafcb01e5bc82d7dc3d','2014-10-05'),('06a9707b01720310ff094879528720c5','06a9707b01720310ff094879528720c5','2014-10-13'),('0739e40bd70869f650cc0118333179a8','0739e40bd70869f650cc0118333179a8','2014-10-26'),('0767bf01bdeedd1fdafce2b86453bc5f','0767bf01bdeedd1fdafce2b86453bc5f','2014-11-01'),('096873bb020f397423a4906266e2de41','096873bb020f397423a4906266e2de41','2014-09-27'),('09be9c14bf6bf1dc0748fdb2852fae01','09be9c14bf6bf1dc0748fdb2852fae01','2015-02-16'),('09c2bddee8db4737159b151ce40c80ca','09c2bddee8db4737159b151ce40c80ca','2014-10-04'),('0b09b779c941044956e01cf1fece3c79','0b09b779c941044956e01cf1fece3c79','2014-10-08'),('0b8019deed7c4e405d84b82843e01f9d','0b8019deed7c4e405d84b82843e01f9d','2014-10-14'),('0c8bce9ffb34a6031907a960eb637d5d','0c8bce9ffb34a6031907a960eb637d5d','2014-09-27'),('0cd7ebc03fd05b7fd75d3464474e905b','0cd7ebc03fd05b7fd75d3464474e905b','2014-10-25'),('0d3a619664db99d84556e54ac0f3322c','0d3a619664db99d84556e54ac0f3322c','2014-10-13'),('0df1484f2cfb0352641b76c5987422dd','0df1484f2cfb0352641b76c5987422dd','2014-10-04'),('0e5dc7c5fef6701f879bd196c3bdfe5f','0e5dc7c5fef6701f879bd196c3bdfe5f','2015-01-06'),('0f0264d205e922ff94e0b49a2a7a9202','0f0264d205e922ff94e0b49a2a7a9202','2015-01-10'),('0f5ab7daf3b4a8b5a452ede6fded5371','0f5ab7daf3b4a8b5a452ede6fded5371','2014-09-28'),('0faec69f3ffb9efb9df8aaf6191958de','0faec69f3ffb9efb9df8aaf6191958de','2014-10-24'),('0fecd4f80902f8184fa3fc77d080a49b','0fecd4f80902f8184fa3fc77d080a49b','2014-11-17'),('10513aec96b5c4db386cfe6c4ba771a7','10513aec96b5c4db386cfe6c4ba771a7','2014-10-07'),('121e419b9c005f1509c9ef91492e0ee1','121e419b9c005f1509c9ef91492e0ee1','2014-10-27'),('127fc255736a97b15530698bcd8664a6','127fc255736a97b15530698bcd8664a6','2015-07-04'),('129c07608e8dc359456a2f7e902d089c','129c07608e8dc359456a2f7e902d089c','2015-06-15'),('12b75b9dda4c881fc5382246515e75cc','12b75b9dda4c881fc5382246515e75cc','2014-11-18'),('150f3390d482fee67f7136661fa32b4f','150f3390d482fee67f7136661fa32b4f','2014-10-29'),('158f7a3ddf71e2b0ceed3f93ba408ffa','158f7a3ddf71e2b0ceed3f93ba408ffa','2015-04-16'),('159b191ea34482a1922b9fdf061915e1','159b191ea34482a1922b9fdf061915e1','2014-09-27'),('15db527d23cd3df25f8bdb3fc3645f1b','15db527d23cd3df25f8bdb3fc3645f1b','2014-10-03'),('1605b0c50106ca72b7918bd0f567d32c','1605b0c50106ca72b7918bd0f567d32c','2014-12-05'),('1822884d67be442021d2b9589734b319','1822884d67be442021d2b9589734b319','2014-10-15'),('1895ceb0c4f9a9ece3f311f0e6484c9a','1895ceb0c4f9a9ece3f311f0e6484c9a','2014-10-31'),('19e0e65c2972dd6f310961731b82874f','19e0e65c2972dd6f310961731b82874f','2014-10-24'),('1a1397d2bad95e15c58068c371396e7b','1a1397d2bad95e15c58068c371396e7b','2014-11-20'),('1a9dda45a5657075e943b3d6979186cc','1a9dda45a5657075e943b3d6979186cc','2014-10-05'),('1b93388f0836aa792e1249b843af5772','1b93388f0836aa792e1249b843af5772','2014-10-05'),('1bca492c9b197fa9a13c0b0b81222ba0','1bca492c9b197fa9a13c0b0b81222ba0','2014-09-26'),('1ce84ac48b9f3108717a7f182a99333c','1ce84ac48b9f3108717a7f182a99333c','2014-09-27'),('1e9027c9bf6f26a73271ede93f5142b2','1e9027c9bf6f26a73271ede93f5142b2','2014-10-30'),('1f205f29114207f26260a5a64d28acad','1f205f29114207f26260a5a64d28acad','2014-10-29'),('20b05e64700ea55eab164029de555833','20b05e64700ea55eab164029de555833','2014-09-27'),('211d024c54520258d441b8cecbc0f45e','211d024c54520258d441b8cecbc0f45e','2014-10-22'),('2166517f7547818314eb3f7acc4400c2','2166517f7547818314eb3f7acc4400c2','2014-11-21'),('224ccc40ae536fbd153774517da39455','224ccc40ae536fbd153774517da39455','2014-09-30'),('22da81d1853f412c5af844afc7b65ba5','22da81d1853f412c5af844afc7b65ba5','2015-02-28'),('23b50c38014fae4449a8db9912c8593d','23b50c38014fae4449a8db9912c8593d','2015-08-15'),('24157fb83e671bea70f1c00d068eeb91','24157fb83e671bea70f1c00d068eeb91','2014-10-05'),('2449e957ca2265305c709f65d7c165e2','2449e957ca2265305c709f65d7c165e2','2014-11-06'),('24660deab231b1d52321e2be347f2345','24660deab231b1d52321e2be347f2345','2015-08-22'),('24beee22bfc1b0767bfc4947167ae991','24beee22bfc1b0767bfc4947167ae991','2014-11-30'),('257930a271b9f7e374bb96efac92cc75','257930a271b9f7e374bb96efac92cc75','2015-08-30'),('25d338131a9fe4ca84223076cdcc85df','25d338131a9fe4ca84223076cdcc85df','2014-10-01'),('2678bdc400835b5dab4773383c7f81a8','2678bdc400835b5dab4773383c7f81a8','2015-01-08'),('267af148e43b74dc8ebb7cdbab1dd40d','267af148e43b74dc8ebb7cdbab1dd40d','2014-10-10'),('279418fcf254f4f3111cc2a22bd52a1d','279418fcf254f4f3111cc2a22bd52a1d','2014-10-24'),('2880839586013784d3572d41e2c18a76','2880839586013784d3572d41e2c18a76','2014-10-31'),('28be1b72991650d91613bed1aef9694d','28be1b72991650d91613bed1aef9694d','2014-11-01'),('28f81028b425242880cb08e08b822263','28f81028b425242880cb08e08b822263','2014-11-07'),('2b1a23b5e847226b924139bcc3702a38','2b1a23b5e847226b924139bcc3702a38','2014-12-02'),('2b24a22f672f78c4aa546e74899e48ca','2b24a22f672f78c4aa546e74899e48ca','2014-10-28'),('2bd1d1923edb2fce4a95a42005f99b81','2bd1d1923edb2fce4a95a42005f99b81','2014-11-16'),('2bdfea395d0a540a4db27bc50cecf343','2bdfea395d0a540a4db27bc50cecf343','2014-10-16'),('2c20ab905b7d06864aeeaf3eb326e229','2c20ab905b7d06864aeeaf3eb326e229','2014-09-29'),('2c44cf5f37f99aacc0ae2e608c812564','2c44cf5f37f99aacc0ae2e608c812564','2014-09-30'),('2c694938c13146d8269c609baffee940','2c694938c13146d8269c609baffee940','2015-05-02'),('2e35109efba6a3687bf4b7cae3ac469c','2e35109efba6a3687bf4b7cae3ac469c','2014-10-07'),('2e5ba58ab890a455b2cfe9a149b91f24','2e5ba58ab890a455b2cfe9a149b91f24','2014-10-19'),('2fa08b7dc9228805850bbb1794ae45fd','2fa08b7dc9228805850bbb1794ae45fd','2014-10-29'),('2fe346655932a08d7cd899841bd97496','2fe346655932a08d7cd899841bd97496','2014-10-19'),('303620ca950d7b8c131565ba86c48c03','303620ca950d7b8c131565ba86c48c03','2014-10-02'),('328a04c9c40d347154aa5bbf6a752b3c','328a04c9c40d347154aa5bbf6a752b3c','2014-09-29'),('328c1f7d666aaad4087fbe939e956104','328c1f7d666aaad4087fbe939e956104','2014-10-12'),('33641dbf03c9d55100a0d97b807a74d4','33641dbf03c9d55100a0d97b807a74d4','2014-09-29'),('33d5c51879876c78a02ac128dbd02c06','33d5c51879876c78a02ac128dbd02c06','2014-10-05'),('34e6f4e8a72a3999741af2573017cf14','34e6f4e8a72a3999741af2573017cf14','2015-07-25'),('3518bc1dacaeaac25cceaa022057152a','3518bc1dacaeaac25cceaa022057152a','2015-07-16'),('3685b981525ad714508f3019afde2104','3685b981525ad714508f3019afde2104','2014-12-18'),('36cc4765d329430e9648cc230a90a466','36cc4765d329430e9648cc230a90a466','2014-10-02'),('36fcab279c8ef68cbb119167ff07b58c','36fcab279c8ef68cbb119167ff07b58c','2014-10-15'),('37bf6c2ec71517895ddf7f8da2ff874d','37bf6c2ec71517895ddf7f8da2ff874d','2014-10-05'),('37d3ecb4a7d3a842dd352d55f15022a8','37d3ecb4a7d3a842dd352d55f15022a8','2014-12-08'),('37e8508e55e85f7e65011fce8fa0480d','37e8508e55e85f7e65011fce8fa0480d','2014-12-24'),('382a69b6baa6ae908cf5c7ffe03623cf','382a69b6baa6ae908cf5c7ffe03623cf','2014-11-25'),('38aeb209ffda5600f3483e4febbebd3c','38aeb209ffda5600f3483e4febbebd3c','2014-10-03'),('391264eae3cb99f6fd9db52e4a42cc42','391264eae3cb99f6fd9db52e4a42cc42','2014-10-19'),('394c921fd430df648d016756044d03f8','394c921fd430df648d016756044d03f8','2014-10-25'),('395490ab15e00ed2bc3c56617fd73f06','395490ab15e00ed2bc3c56617fd73f06','2014-11-10'),('3a296d108887e35f031c40c24a6ad92c','3a296d108887e35f031c40c24a6ad92c','2014-11-04'),('3a6928001067678a496f4e8e2e763910','3a6928001067678a496f4e8e2e763910','2015-06-12'),('3b0f4e5192e2449f47e42831558a06e4','3b0f4e5192e2449f47e42831558a06e4','2015-08-07'),('3b5e3c526fbb93f2b61a0bfb5db755fe','3b5e3c526fbb93f2b61a0bfb5db755fe','2014-11-26'),('3b5eb5df61b5dc3feae90a2eba0e08b5','3b5eb5df61b5dc3feae90a2eba0e08b5','2014-09-29'),('3c2463696966e06ba777861796571486','3c2463696966e06ba777861796571486','2014-10-22'),('3dbb8bffbf3a16dca65a22de0195932a','3dbb8bffbf3a16dca65a22de0195932a','2014-11-30'),('3dce025b32e3e56f437dacaecf6119fd','3dce025b32e3e56f437dacaecf6119fd','2014-10-05'),('3e704918c0248b5bfcca3f1489522219','3e704918c0248b5bfcca3f1489522219','2014-10-14'),('3f2511ab168fbe24df04d59394107e5e','3f2511ab168fbe24df04d59394107e5e','2014-10-31'),('3f408ca7614dd2077b32715eeb93c98e','3f408ca7614dd2077b32715eeb93c98e','2014-10-25'),('3f9563964b7bab7199c50c4b105f7330','3f9563964b7bab7199c50c4b105f7330','2014-09-28'),('3fab6c4d80516d191e73e5e865f8a771','3fab6c4d80516d191e73e5e865f8a771','2014-10-05'),('4000fab6308ffdd923a3191561bdd0e5','4000fab6308ffdd923a3191561bdd0e5','2014-09-30'),('403fd70072781aedbff264d0636c33bc','403fd70072781aedbff264d0636c33bc','2014-10-10'),('40ded0afaafaecfa04043fcdb1eda982','40ded0afaafaecfa04043fcdb1eda982','2015-04-17'),('4135088ef2937ad9b9cc7e8ceb623594','4135088ef2937ad9b9cc7e8ceb623594','2014-10-14'),('41738bf1f0270836cc2ebf413b3d79c4','41738bf1f0270836cc2ebf413b3d79c4','2014-12-02'),('41972fab5cb80a79994958dde2c3cc21','41972fab5cb80a79994958dde2c3cc21','2014-11-03'),('41e476f066a47f31309d746f2f4457f7','41e476f066a47f31309d746f2f4457f7','2014-10-05'),('426304cfd436865340a0102cad0eaaa7','426304cfd436865340a0102cad0eaaa7','2014-10-04'),('42694a2aa1009e11cfdb237c86d8d958','42694a2aa1009e11cfdb237c86d8d958','2014-10-01'),('42814a1845abcd510226f2f5b7bb134b','42814a1845abcd510226f2f5b7bb134b','2015-07-17'),('4333d72d675ee83dddaa9a5758f8aed7','4333d72d675ee83dddaa9a5758f8aed7','2015-03-05'),('43979d70935a28460d5ec912b28d62ea','43979d70935a28460d5ec912b28d62ea','2014-11-02'),('44387cadba7c1a10a45c15e5ed1ffc4a','44387cadba7c1a10a45c15e5ed1ffc4a','2014-09-28'),('447526c2759ebab24dcf0fb3a0e1df4f','447526c2759ebab24dcf0fb3a0e1df4f','2015-04-30'),('44e57955cddb7b032d8e85bf0d494e60','44e57955cddb7b032d8e85bf0d494e60','2014-09-30'),('45279aef24d47eac0d27ef71518f2e44','45279aef24d47eac0d27ef71518f2e44','2014-11-04'),('455ac9fbd6c98121ae349c726cacd9f3','455ac9fbd6c98121ae349c726cacd9f3','2015-06-16'),('45f47363bd56cf6c1cd8ecf6409708b6','45f47363bd56cf6c1cd8ecf6409708b6','2014-12-05'),('46281637cc27c40a17b1ac8b0f0b2bab','46281637cc27c40a17b1ac8b0f0b2bab','2015-04-25'),('4757f19bbb434f2e8639c3e32300eb55','4757f19bbb434f2e8639c3e32300eb55','2014-10-19'),('47a4b278359a6b6193f2a7dac0592985','47a4b278359a6b6193f2a7dac0592985','2014-10-25'),('47df83a45159aad1d64b55043b3ce603','47df83a45159aad1d64b55043b3ce603','2014-10-25'),('480b7f2c816bb1e4b410bf0c253ce1a0','480b7f2c816bb1e4b410bf0c253ce1a0','2014-10-05'),('487bd7578023a58dc3bd01340316a60d','487bd7578023a58dc3bd01340316a60d','2014-10-18'),('48b3856501b75a56a1f9109675719355','48b3856501b75a56a1f9109675719355','2014-10-13'),('499fea868c2c7f0a0c56bde015bd2d4d','499fea868c2c7f0a0c56bde015bd2d4d','2014-10-20'),('49dd1fe1015e196a0f5f4818bf7652b3','49dd1fe1015e196a0f5f4818bf7652b3','2015-04-27'),('4a0b6763c8911d18bd3ac3ed021461b2','4a0b6763c8911d18bd3ac3ed021461b2','2014-10-07'),('4a9a5f833232a08e47b2f0cb898290e5','4a9a5f833232a08e47b2f0cb898290e5','2014-10-18'),('4b2dc2e1585ca591e6555bd1b06257b6','4b2dc2e1585ca591e6555bd1b06257b6','2014-10-05'),('4b647260fd04cd0842b21df48592587e','4b647260fd04cd0842b21df48592587e','2015-03-19'),('4b91d9435fd8fa09ba0f945467d4bdbf','4b91d9435fd8fa09ba0f945467d4bdbf','2015-03-23'),('4baaf7d5f1652596cda1d1ef51bfbaa2','4baaf7d5f1652596cda1d1ef51bfbaa2','2014-10-24'),('4c05a7649f24cb93cb559ca8415d76a5','4c05a7649f24cb93cb559ca8415d76a5','2014-11-04'),('4d236f87b43fabaa7cba883e5731f432','4d236f87b43fabaa7cba883e5731f432','2014-10-17'),('4dc0bf796ffa816d7beaf177392049ef','4dc0bf796ffa816d7beaf177392049ef','2014-11-30'),('4df199b793937634484f9f695673f31f','4df199b793937634484f9f695673f31f','2014-10-13'),('4ed401bcf4f8315c38d6db4e7723048d','4ed401bcf4f8315c38d6db4e7723048d','2015-06-05'),('4f30d65a5fe1881baf346bda0f81e0be','4f30d65a5fe1881baf346bda0f81e0be','2015-01-13'),('4f3b9b49284b0c76471d89a6277a46a2','4f3b9b49284b0c76471d89a6277a46a2','2014-09-30'),('4fcaa29ecb250602ad6449e60335d047','4fcaa29ecb250602ad6449e60335d047','2014-11-17'),('50281b988ac38e200b2b20ff89e1793b','50281b988ac38e200b2b20ff89e1793b','2015-01-23'),('506bab52fc964b39d3a868d676fc7217','506bab52fc964b39d3a868d676fc7217','2014-09-27'),('51348a865c8da3948627ba6f5ddde7df','51348a865c8da3948627ba6f5ddde7df','2014-10-02'),('518af07b11fd829d6681bfccc6258a4d','518af07b11fd829d6681bfccc6258a4d','2014-10-27'),('52607b51f98e9428aa2d36b1efd50b39','52607b51f98e9428aa2d36b1efd50b39','2014-10-25'),('5300bc279cab8bab4f72f1c063298238','5300bc279cab8bab4f72f1c063298238','2015-02-04'),('54821de7e47201a57a8383c9c29458a7','54821de7e47201a57a8383c9c29458a7','2015-04-04'),('5554c96dcae16d2908b2f22e8aaafc43','5554c96dcae16d2908b2f22e8aaafc43','2014-10-13'),('5666fcd1f47215145de881d452290015','5666fcd1f47215145de881d452290015','2014-10-05'),('568e7cdb2d43c370c07dd8b38e581487','568e7cdb2d43c370c07dd8b38e581487','2014-10-17'),('5726d87eaa95762f83fea0b96da115ed','5726d87eaa95762f83fea0b96da115ed','2014-10-29'),('576815ef104cce5b507d6e3d91ef4dd5','576815ef104cce5b507d6e3d91ef4dd5','2014-11-06'),('577ad1a2f044771666a2f78f53f530fd','577ad1a2f044771666a2f78f53f530fd','2015-04-23'),('578a8e23be9d5092a431ee7301e1a664','578a8e23be9d5092a431ee7301e1a664','2014-10-12'),('583d70d1b69566964f29acf84c4db8c8','583d70d1b69566964f29acf84c4db8c8','2014-10-20'),('585d6809ed621bbded17bea5f543eef4','585d6809ed621bbded17bea5f543eef4','2014-09-30'),('58605f10494a66f91cb0425678e60b72','58605f10494a66f91cb0425678e60b72','2014-11-03'),('588a57ca6afdd9807ae03ead135b42fb','588a57ca6afdd9807ae03ead135b42fb','2014-09-30'),('589fe2c5473a400479220e0f611d178e','589fe2c5473a400479220e0f611d178e','2014-11-08'),('59a06957682cc9a105eee46a5f853d76','59a06957682cc9a105eee46a5f853d76','2015-02-01'),('59d1dbb8823ffedc5383c0ed7c7e67f6','59d1dbb8823ffedc5383c0ed7c7e67f6','2014-10-26'),('5a0eb38ebc2f6aa027183ef45b1c3782','5a0eb38ebc2f6aa027183ef45b1c3782','2015-03-04'),('5a975f8734ddc9f5f1f0fd9a6475b7c3','5a975f8734ddc9f5f1f0fd9a6475b7c3','2015-08-02'),('5aa87b8359d624f44a3cdf63d76bde18','5aa87b8359d624f44a3cdf63d76bde18','2014-10-09'),('5aab8d2147b479038b104565b1b97113','5aab8d2147b479038b104565b1b97113','2014-10-28'),('5ae0172015866156ba735b300e4b7070','5ae0172015866156ba735b300e4b7070','2014-11-01'),('5bd10ffd1b2d11654be46aa5517c8562','5bd10ffd1b2d11654be46aa5517c8562','2014-10-05'),('5c466827caa787ed4fb1d4abe2ce4f90','5c466827caa787ed4fb1d4abe2ce4f90','2015-01-07'),('5ca884faef821835f0898e7242eb49a1','5ca884faef821835f0898e7242eb49a1','2014-10-25'),('5ced35e0045d284a89ebbb6d716dd65b','5ced35e0045d284a89ebbb6d716dd65b','2014-10-08'),('5d4274adb2b440d2a04848ac7578d7e7','5d4274adb2b440d2a04848ac7578d7e7','2015-01-15'),('5d8e55b068e444a2f2ba2bc96ea9bf4f','5d8e55b068e444a2f2ba2bc96ea9bf4f','2014-09-30'),('5e1225631e9ff154ee3558f9f9f81000','5e1225631e9ff154ee3558f9f9f81000','2014-10-28'),('5e1cc6ffec11b378ef8e25187c5da749','5e1cc6ffec11b378ef8e25187c5da749','2015-02-25'),('5e58dbf90156994d7b287a2b5f9243fa','5e58dbf90156994d7b287a2b5f9243fa','2014-11-29'),('5f7d37a680f43c71ec06b6e104747e8f','5f7d37a680f43c71ec06b6e104747e8f','2014-11-04'),('5fc2da03b4aecbcd2f6d5be038f22dd8','5fc2da03b4aecbcd2f6d5be038f22dd8','2014-11-22'),('6128e03a7fa42bd32a5e5471be0cdf01','6128e03a7fa42bd32a5e5471be0cdf01','2014-10-02'),('61a445edb9f4f4c0ee4940bd06b6b7cc','61a445edb9f4f4c0ee4940bd06b6b7cc','2014-12-31'),('61cba6b360fb86e2d6f0e0ca0d85710c','61cba6b360fb86e2d6f0e0ca0d85710c','2014-10-05'),('61d870adaefa0c671381d33dee239bf6','61d870adaefa0c671381d33dee239bf6','2015-02-10'),('61d963cf83ac06999d012be67ea9eba4','61d963cf83ac06999d012be67ea9eba4','2014-10-13'),('620c2ee13ff5585e0ad3ad265633dc8b','620c2ee13ff5585e0ad3ad265633dc8b','2014-10-04'),('629718995a0742acad969ac3c7135500','629718995a0742acad969ac3c7135500','2015-04-29'),('62c691ab8b8f3ccea6680b01681df8c9','62c691ab8b8f3ccea6680b01681df8c9','2014-09-27'),('63401e550a8ee2f948055c90f5c796e6','63401e550a8ee2f948055c90f5c796e6','2014-12-17'),('64e84fa686bff8c92ab59a20ba370e7e','64e84fa686bff8c92ab59a20ba370e7e','2014-11-13'),('65895393b0a0ca236bf332c86603ccb6','65895393b0a0ca236bf332c86603ccb6','2015-04-29'),('65a689f61c3940cd347b8103aa250b50','65a689f61c3940cd347b8103aa250b50','2014-10-08'),('65efe5221d49eed21c56da3029070835','65efe5221d49eed21c56da3029070835','2015-06-23'),('6673ff41eca8db7d04bd8df9d268155b','6673ff41eca8db7d04bd8df9d268155b','2014-10-13'),('6684b5a67640ec41ee1cb4843ba97d86','6684b5a67640ec41ee1cb4843ba97d86','2015-05-08'),('67092a0b53ad73bc27a79131578bc866','67092a0b53ad73bc27a79131578bc866','2014-10-04'),('67ba04a2fb4fb6d13a6ef3ec860b9e02','67ba04a2fb4fb6d13a6ef3ec860b9e02','2014-10-15'),('686c6a8d5f29a79ddbd67777080851c1','686c6a8d5f29a79ddbd67777080851c1','2014-09-26'),('6b339738fd06010d95ce225f9ab71164','6b339738fd06010d95ce225f9ab71164','2014-10-05'),('6bbb39493c7be422b539919902344652','6bbb39493c7be422b539919902344652','2014-11-07'),('6bf7b5be8459e82ba206cbc210133067','6bf7b5be8459e82ba206cbc210133067','2014-09-30'),('6c4d499c58f203c9343ac475dd708a5d','6c4d499c58f203c9343ac475dd708a5d','2014-10-26'),('6da3a279469435269b8d76e32ebc3b1c','6da3a279469435269b8d76e32ebc3b1c','2014-11-19'),('6e860e4de5daed7ecc6e3ab16cc55e6f','6e860e4de5daed7ecc6e3ab16cc55e6f','2014-09-30'),('6ef76bfed48daf7b4324657d7a093097','6ef76bfed48daf7b4324657d7a093097','2015-04-14'),('6f27e8ebabfedb2614df38c4d23b1bdd','6f27e8ebabfedb2614df38c4d23b1bdd','2014-10-22'),('702b15a9257b1c00b66607c7f3da94a4','702b15a9257b1c00b66607c7f3da94a4','2014-10-25'),('704fd02e65bac7e333572f42880cbcf7','704fd02e65bac7e333572f42880cbcf7','2014-12-21'),('7056836703e235346c048b8762ac1fcd','7056836703e235346c048b8762ac1fcd','2014-10-19'),('70e6d7ff8123fa9d5049bed269be8eb3','70e6d7ff8123fa9d5049bed269be8eb3','2014-10-03'),('70f3ae82b453541260dfc7e3d9578986','70f3ae82b453541260dfc7e3d9578986','2014-10-11'),('711ceee42f564af2ef4fd512819a75e1','711ceee42f564af2ef4fd512819a75e1','2014-10-08'),('717b3f65343571f246c4237cbc4006f4','717b3f65343571f246c4237cbc4006f4','2014-10-22'),('71a92c4264a99dbc60892bf216c20b71','71a92c4264a99dbc60892bf216c20b71','2014-11-20'),('71d8258af86204b263c9423825c97a2a','71d8258af86204b263c9423825c97a2a','2015-04-19'),('729c4847c83e698f646a35d5029cd15c','729c4847c83e698f646a35d5029cd15c','2014-10-26'),('72d27c37ea4b29a7dfa7378e827b1723','72d27c37ea4b29a7dfa7378e827b1723','2014-11-06'),('742363b8ac58cb2c8413060d2182face','742363b8ac58cb2c8413060d2182face','2015-03-04'),('744e9812a44ce67287b38dca22a69901','744e9812a44ce67287b38dca22a69901','2014-09-27'),('7490ebc8d5f0a402e35467e0e4bd8bbd','7490ebc8d5f0a402e35467e0e4bd8bbd','2014-11-11'),('761ecebc440dce2817b577f59577d251','761ecebc440dce2817b577f59577d251','2014-10-05'),('76b66986ecb01f18487d3b34409f1a0b','76b66986ecb01f18487d3b34409f1a0b','2014-10-20'),('77e33dbb40e1a6f0f2fbc96b81eb0cb8','77e33dbb40e1a6f0f2fbc96b81eb0cb8','2015-03-31'),('77ebfffe20d815b5bec49c7badb5f523','77ebfffe20d815b5bec49c7badb5f523','2014-10-18'),('795c0204ff12605962e80fd0b0542cc5','795c0204ff12605962e80fd0b0542cc5','2015-04-09'),('7a0fe1cb20431cee3e15fef9aec273ef','7a0fe1cb20431cee3e15fef9aec273ef','2015-03-01'),('7a6a055667886f8e0ab9877dfccb9a4e','7a6a055667886f8e0ab9877dfccb9a4e','2014-10-03'),('7aee78aa86ead4f8839499fb5aad4c18','7aee78aa86ead4f8839499fb5aad4c18','2014-11-05'),('7b20fd95fdce970ca0310df89a0f1feb','7b20fd95fdce970ca0310df89a0f1feb','2014-11-04'),('7c146caf83532d44796d9b3d15cf2d64','7c146caf83532d44796d9b3d15cf2d64','2014-12-19'),('7e0bb7951d2d07604c293fb12940804d','7e0bb7951d2d07604c293fb12940804d','2015-02-21'),('7e57788bda86f7ee20335001ef7f88e8','7e57788bda86f7ee20335001ef7f88e8','2014-11-03'),('7f3487483153edd2769ddfccbc1087a4','7f3487483153edd2769ddfccbc1087a4','2015-01-06'),('7f65c238cf3d87c594588b6eb70471be','7f65c238cf3d87c594588b6eb70471be','2015-03-26'),('7fdad6d947f2f417213877dd0c549ac4','7fdad6d947f2f417213877dd0c549ac4','2014-11-02'),('7fe43f63be26619e9025a5b9a361cdee','7fe43f63be26619e9025a5b9a361cdee','2014-10-18'),('80630400a6d9d32eb43f99e61fa4b86b','80630400a6d9d32eb43f99e61fa4b86b','2014-10-05'),('81122db7c5c3c1965072921a5a11cfb8','81122db7c5c3c1965072921a5a11cfb8','2014-09-26'),('818e0f286bab4c0cf756429423426ab3','818e0f286bab4c0cf756429423426ab3','2014-10-02'),('8200ea41146d5bb2912168c553312e32','8200ea41146d5bb2912168c553312e32','2015-02-17'),('826f26b2b52120c8e84fdf844a6ea9a6','826f26b2b52120c8e84fdf844a6ea9a6','2014-10-11'),('829ee27f0f58cd8bcd723c9bddd20393','829ee27f0f58cd8bcd723c9bddd20393','2014-11-03'),('8382da74b143a02525329c89be7e330f','8382da74b143a02525329c89be7e330f','2014-10-14'),('83924f96c8e9a9464ed7a695f6834579','83924f96c8e9a9464ed7a695f6834579','2014-12-05'),('83ff037b1a78014e30215995f0cc75b9','83ff037b1a78014e30215995f0cc75b9','2014-10-18'),('8409469bfc82239b7ee8cb7fbdc1d41a','8409469bfc82239b7ee8cb7fbdc1d41a','2015-03-19'),('84443581ec0e92dee3631b4fccb1d0b4','84443581ec0e92dee3631b4fccb1d0b4','2014-10-05'),('84deb04cb2e840dff25eed041c4b4388','84deb04cb2e840dff25eed041c4b4388','2014-11-16'),('854371b5267793057700dbc47d3d3daa','854371b5267793057700dbc47d3d3daa','2015-03-02'),('857957fa105cd57babd95ea50480f99b','857957fa105cd57babd95ea50480f99b','2014-10-14'),('857ff6f624e1b16775938bc054c4bce4','857ff6f624e1b16775938bc054c4bce4','2014-10-03'),('8733e0f0af40bd87f06f7a4c56188b6f','8733e0f0af40bd87f06f7a4c56188b6f','2014-12-04'),('873de9cf3f859f4efcf7a411dbfbf613','873de9cf3f859f4efcf7a411dbfbf613','2014-10-22'),('878d20d4b7d58603558645cc1d7ec797','878d20d4b7d58603558645cc1d7ec797','2014-10-29'),('87e4d20f858d55a380c64d951c579fe7','87e4d20f858d55a380c64d951c579fe7','2014-10-27'),('8942c56f50e8b10cbcf32ec16c5911b6','8942c56f50e8b10cbcf32ec16c5911b6','2014-10-03'),('89acc5745fa93b117341a1cf764191e1','89acc5745fa93b117341a1cf764191e1','2015-01-30'),('8a43e06268624a0f2767b7ae9770a089','8a43e06268624a0f2767b7ae9770a089','2014-09-27'),('8b5ac920dd017d10849219476704cda1','8b5ac920dd017d10849219476704cda1','2014-11-27'),('8ba3d0300752a34606f10d00e5501d2a','8ba3d0300752a34606f10d00e5501d2a','2014-11-04'),('8ba5144846d25520d22da12b4a325a04','8ba5144846d25520d22da12b4a325a04','2014-09-27'),('8bb42390683e22879a4fd31db33d2ac9','8bb42390683e22879a4fd31db33d2ac9','2014-10-26'),('8c753b832a5aba571e60bc80609ddd29','8c753b832a5aba571e60bc80609ddd29','2015-07-14'),('8d099b0d2d73fea9bcd646f0c4b76da2','8d099b0d2d73fea9bcd646f0c4b76da2','2014-10-06'),('8e151010b2839f9e6149537e6da63fef','8e151010b2839f9e6149537e6da63fef','2014-11-18'),('8ea87001a1b6bea2918f83238cc7dce6','8ea87001a1b6bea2918f83238cc7dce6','2014-10-10'),('8eb171fa13767d5204c5db9ac0133e86','8eb171fa13767d5204c5db9ac0133e86','2014-11-09'),('8f00c4172141b64e29d3018992e8d2f6','8f00c4172141b64e29d3018992e8d2f6','2014-10-21'),('8f3745398ddb23b9b00ddd547910de5d','8f3745398ddb23b9b00ddd547910de5d','2014-10-21'),('903af7dd7fac8252224f000898744aa8','903af7dd7fac8252224f000898744aa8','2014-10-29'),('906c4fe5668c58cb323810e812a7a690','906c4fe5668c58cb323810e812a7a690','2014-12-05'),('907744a3a15add44206f2fb4f6a86236','907744a3a15add44206f2fb4f6a86236','2014-10-08'),('90b605984bdbe92522063059bb316b77','90b605984bdbe92522063059bb316b77','2014-09-30'),('90f85f77ca40ad8880e5fc14033924b6','90f85f77ca40ad8880e5fc14033924b6','2014-10-25'),('91014e6eac8d2baf10a2594a25691c4b','91014e6eac8d2baf10a2594a25691c4b','2014-11-01'),('91a06f823dd3ad5cae102e727e2737c1','91a06f823dd3ad5cae102e727e2737c1','2015-03-07'),('9250c396df4100b9ffbb9a1d5f2b3933','9250c396df4100b9ffbb9a1d5f2b3933','2014-09-27'),('926e2fab90a9bf376831ff6bf68f79b2','926e2fab90a9bf376831ff6bf68f79b2','2014-12-05'),('9277e8190807e34a408279126ee99621','9277e8190807e34a408279126ee99621','2014-09-29'),('9287bdc6a60520967fd835ef26f3b20b','9287bdc6a60520967fd835ef26f3b20b','2015-09-08'),('934af49260ace6684c86542787b2bf2a','934af49260ace6684c86542787b2bf2a','2014-09-27'),('959f3646df3861d0bfc45b0fe1a0b2c1','959f3646df3861d0bfc45b0fe1a0b2c1','2015-08-10'),('9738ecb8bdea50df43f01087a70063a4','9738ecb8bdea50df43f01087a70063a4','2014-09-27'),('9778cf51a8b0ca49d208b1cbaa5d8238','9778cf51a8b0ca49d208b1cbaa5d8238','2015-01-06'),('97e5f2e9ff1a78c52caaa34d63227a70','97e5f2e9ff1a78c52caaa34d63227a70','2014-11-05'),('98ac01cc2cc8ba0cc060bf19abf3f27f','98ac01cc2cc8ba0cc060bf19abf3f27f','2015-03-02'),('9936b8e8e18ba458131a8d483bbd691c','9936b8e8e18ba458131a8d483bbd691c','2014-09-30'),('99c55839434d5f2918a9f59f524adf02','99c55839434d5f2918a9f59f524adf02','2015-01-26'),('9abd9fb538d6d4da3aa92bb52dab2796','9abd9fb538d6d4da3aa92bb52dab2796','2015-02-20'),('9b46d46f7f35f9189f797489a78d224e','9b46d46f7f35f9189f797489a78d224e','2014-11-25'),('9b58ca2b0b99572ea0611e19a435cb7d','9b58ca2b0b99572ea0611e19a435cb7d','2014-09-27'),('9bc4cdc8328dbd7599a52f51d5c8b3d3','9bc4cdc8328dbd7599a52f51d5c8b3d3','2014-10-03'),('9d2f9d3d3261f7a36205a30b1a79ba9b','9d2f9d3d3261f7a36205a30b1a79ba9b','2014-10-06'),('9d6559914087cfd26d4f20142384773e','9d6559914087cfd26d4f20142384773e','2014-10-16'),('9dd7382f07a0004c6e69ac427ece0ea7','9dd7382f07a0004c6e69ac427ece0ea7','2014-09-27'),('9e2691b1e94ecced7bc31bde4dda9a12','9e2691b1e94ecced7bc31bde4dda9a12','2015-01-11'),('9e3cb7185f42f35f4245c23eb84ad2bb','9e3cb7185f42f35f4245c23eb84ad2bb','2014-09-28'),('9e77c386f18bfe258622cc1af5ff017e','9e77c386f18bfe258622cc1af5ff017e','2015-03-08'),('9e97301df268286fa081551087d886b4','9e97301df268286fa081551087d886b4','2014-10-16'),('9eb9f0e12ec04b9c07196e81aa202d2e','9eb9f0e12ec04b9c07196e81aa202d2e','2014-11-19'),('9f20380baa223942c8d9ec7fd82af627','9f20380baa223942c8d9ec7fd82af627','2014-11-25'),('9f3ffb3a0ea2cae7cbd43c34f79baf5a','9f3ffb3a0ea2cae7cbd43c34f79baf5a','2014-10-10'),('a0c5913e6eed5a1ab87817d3f19f9bf0','a0c5913e6eed5a1ab87817d3f19f9bf0','2014-10-22'),('a1352a5638c67d305f691371c522c8de','a1352a5638c67d305f691371c522c8de','2014-10-10'),('a18629c27e431e9842e71a38e48afd29','a18629c27e431e9842e71a38e48afd29','2014-10-29'),('a23658df99e2b72d917c2e6962414e96','a23658df99e2b72d917c2e6962414e96','2014-10-26'),('a25ff98ecc369999b2d1e631c556be64','a25ff98ecc369999b2d1e631c556be64','2015-04-28'),('a27d68ebd4faff08e559e3a138665aa0','a27d68ebd4faff08e559e3a138665aa0','2015-07-07'),('a281a2129e831c1c4837995502e074ee','a281a2129e831c1c4837995502e074ee','2014-10-20'),('a295338990eb082bb53c4258915a82f5','a295338990eb082bb53c4258915a82f5','2014-10-30'),('a3aa46c9e76d237211447ebf3c04d632','a3aa46c9e76d237211447ebf3c04d632','2014-12-05'),('a418cc6eebb18462734ac09c73e79d1c','a418cc6eebb18462734ac09c73e79d1c','2014-10-05'),('a438a64ceff80914a9b687ecc20d9291','a438a64ceff80914a9b687ecc20d9291','2014-09-26'),('a4c746c81926a4f17162122df46b56e6','a4c746c81926a4f17162122df46b56e6','2014-09-30'),('a570acef15f612d63c6ff53a0ee1beaa','a570acef15f612d63c6ff53a0ee1beaa','2014-09-27'),('a5e36e55fd2dd98480fa90624cded8ce','a5e36e55fd2dd98480fa90624cded8ce','2014-09-27'),('a62c139c42b5f49af7a53c06ab022709','a62c139c42b5f49af7a53c06ab022709','2014-10-02'),('a6841c93782224a883ccb71023fd5c81','a6841c93782224a883ccb71023fd5c81','2014-10-05'),('a696608e9b561c30bd5818ea9ad4bec4','a696608e9b561c30bd5818ea9ad4bec4','2015-04-20'),('a705181260089472d0bd1e6755b52f4b','a705181260089472d0bd1e6755b52f4b','2014-10-14'),('a72ae701c011c2a1ee5741accf52d1fc','a72ae701c011c2a1ee5741accf52d1fc','2014-11-15'),('a739c8c26434131834656f390309fee3','a739c8c26434131834656f390309fee3','2014-11-02'),('a75ef092f0d109e749e2dce4f20ef9b7','a75ef092f0d109e749e2dce4f20ef9b7','2014-10-08'),('a8213eab9747da363503d1f9f5e5a555','a8213eab9747da363503d1f9f5e5a555','2014-10-14'),('a88d43ddcdc5ec7c9c332cbd6e8b8515','a88d43ddcdc5ec7c9c332cbd6e8b8515','2014-11-08'),('a9547c353253c646deebbf2de5e25cfb','a9547c353253c646deebbf2de5e25cfb','2014-10-11'),('a966f356f364f8620428204b3fd9ea05','a966f356f364f8620428204b3fd9ea05','2015-02-21'),('aa241c74a1b9d86dd5ba3c2e364a1d4e','aa241c74a1b9d86dd5ba3c2e364a1d4e','2014-10-21'),('aadd8d5037385a5481c40df8e3303ed2','aadd8d5037385a5481c40df8e3303ed2','2014-10-30'),('ab1dc0d53ab35c60d41881b039ad6fac','ab1dc0d53ab35c60d41881b039ad6fac','2014-11-29'),('ab1e0f353d760da81a2098d9e64dd2d0','ab1e0f353d760da81a2098d9e64dd2d0','2014-11-30'),('abb5306578cf9f494320be7309ebc730','abb5306578cf9f494320be7309ebc730','2014-10-15'),('abf1b7851b894f1102ccd9cae1f37302','abf1b7851b894f1102ccd9cae1f37302','2014-09-28'),('acb3671e0d64717f288a19be249f7ba0','acb3671e0d64717f288a19be249f7ba0','2014-10-09'),('ada74543bdeb0e1a2d77354caedb7450','ada74543bdeb0e1a2d77354caedb7450','2014-10-24'),('aea6f6ea07b82dcf4aef7cf468dfd363','aea6f6ea07b82dcf4aef7cf468dfd363','2015-02-10'),('af1990e23f92fe5b802373518d76ee5d','af1990e23f92fe5b802373518d76ee5d','2015-05-01'),('afac9f7295122dbf4645c243444fc584','afac9f7295122dbf4645c243444fc584','2015-01-16'),('affa6d602a5894566d3ae5d2b01f4d94','affa6d602a5894566d3ae5d2b01f4d94','2014-10-25'),('b0c3e6c65eac3096e38f4c86d1e8a480','b0c3e6c65eac3096e38f4c86d1e8a480','2015-05-04'),('b12587e01b8fe793b412a163c106eb00','b12587e01b8fe793b412a163c106eb00','2014-10-01'),('b22787c7273df94ed5dd4616ba56142c','b22787c7273df94ed5dd4616ba56142c','2014-10-05'),('b22ad971df9ece9541d8433be637faca','b22ad971df9ece9541d8433be637faca','2014-10-12'),('b2daca7cc882d592eab88ecca58697df','b2daca7cc882d592eab88ecca58697df','2014-10-14'),('b3b1bd4a4fb5d9bfd98cc5c602cadbd9','b3b1bd4a4fb5d9bfd98cc5c602cadbd9','2014-12-11'),('b40ea99cf2e411a6bec16c2f56b87d56','b40ea99cf2e411a6bec16c2f56b87d56','2015-06-10'),('b449a7861a30221b16a2fb1644fe9a43','b449a7861a30221b16a2fb1644fe9a43','2014-10-08'),('b6bac6734a9ca83ec1e351bb8e3bce6e','b6bac6734a9ca83ec1e351bb8e3bce6e','2015-01-10'),('b6c999c641dfac650a186a4e7a447f9c','b6c999c641dfac650a186a4e7a447f9c','2014-10-29'),('b7b62ef6aa2ebca16e27aca234fcd926','b7b62ef6aa2ebca16e27aca234fcd926','2014-10-25'),('b8577ec2b4bbd5eb1d1b1b41dbcb5cd2','b8577ec2b4bbd5eb1d1b1b41dbcb5cd2','2014-12-05'),('b9054b17d6df2f440e530f1e9d7cf853','b9054b17d6df2f440e530f1e9d7cf853','2014-11-27'),('ba869eec2e4e14fb604274ab2a9ed615','ba869eec2e4e14fb604274ab2a9ed615','2014-11-10'),('bb46e43659a937ce79723fd69929fdba','bb46e43659a937ce79723fd69929fdba','2014-11-15'),('bbf480a5e2b0c94f81e23e6177c4dcd8','bbf480a5e2b0c94f81e23e6177c4dcd8','2014-10-27'),('bd287f49e318f9dde571a309452e88a2','bd287f49e318f9dde571a309452e88a2','2015-02-08'),('bdb89f49a06c34aaf8514dc22f8d8007','bdb89f49a06c34aaf8514dc22f8d8007','2014-09-30'),('bf083687eef53be6ae9904bafe6cf5f7','bf083687eef53be6ae9904bafe6cf5f7','2014-11-11'),('bf18ddbff5603aff2222e1ba01eb7a81','bf18ddbff5603aff2222e1ba01eb7a81','2014-10-21'),('c05ff28c7535ff57bd448f049ead2292','c05ff28c7535ff57bd448f049ead2292','2014-11-06'),('c0647d7f8b6d8ff90e1fa529d65332e5','c0647d7f8b6d8ff90e1fa529d65332e5','2014-12-12'),('c0e366dfba0bd612a509d0156e4d68c7','c0e366dfba0bd612a509d0156e4d68c7','2014-09-30'),('c0e4c6598d1a481eda725ae6b494926c','c0e4c6598d1a481eda725ae6b494926c','2014-10-13'),('c14d483ff7c0687edbc84add293307bb','c14d483ff7c0687edbc84add293307bb','2014-11-10'),('c19875b67f45cbc9312aa4beed45378c','c19875b67f45cbc9312aa4beed45378c','2015-01-30'),('c1d585c5ee5d63ebe3d4a108e5ad3728','c1d585c5ee5d63ebe3d4a108e5ad3728','2014-09-30'),('c22d9062e875e06101325200e748d2ae','c22d9062e875e06101325200e748d2ae','2014-10-12'),('c26b45ae4c75d59f271fb8ef2b7ce9a1','c26b45ae4c75d59f271fb8ef2b7ce9a1','2014-10-07'),('c307fbd86b619bc5653e814d6145b8b3','c307fbd86b619bc5653e814d6145b8b3','2015-01-06'),('c3ddb6d9f889d7a67c7c295698675576','c3ddb6d9f889d7a67c7c295698675576','2014-10-03'),('c3ed928c9be90753e1a7d9f04c09ea5e','c3ed928c9be90753e1a7d9f04c09ea5e','2014-09-30'),('c406064e3ed6a14758a2e7d673861fc7','c406064e3ed6a14758a2e7d673861fc7','2014-10-21'),('c414252b38e1adec5e334664202a90fb','c414252b38e1adec5e334664202a90fb','2015-02-23'),('c4615271a2a8382efcb185da94572699','c4615271a2a8382efcb185da94572699','2015-08-02'),('c4c05a127243458287ee0281dd443a82','c4c05a127243458287ee0281dd443a82','2014-12-09'),('c4c223d1c5271325a8af56026a06f540','c4c223d1c5271325a8af56026a06f540','2014-10-01'),('c59e60c2b2ac62ec2a681333b9de027b','c59e60c2b2ac62ec2a681333b9de027b','2014-10-25'),('c5d42f4d50ff9f8c9163257bf0b89914','c5d42f4d50ff9f8c9163257bf0b89914','2014-10-05'),('c65c66054b999abdb23548b536c02bdb','c65c66054b999abdb23548b536c02bdb','2014-09-27'),('c7918d49d0f5363d4be070b5f590f04b','c7918d49d0f5363d4be070b5f590f04b','2014-10-14'),('c86065f45e6f4c1d23c3a9fc54686087','c86065f45e6f4c1d23c3a9fc54686087','2014-10-26'),('c8939acedac8867c68fa315558222ce5','c8939acedac8867c68fa315558222ce5','2014-10-22'),('c89c028831cc3ef7ff0673af6195e61a','c89c028831cc3ef7ff0673af6195e61a','2014-09-27'),('c97dffae8f3f1050a9cde523934da067','c97dffae8f3f1050a9cde523934da067','2014-10-27'),('c9b94f09b82bdcb8639d336faf9b8f38','c9b94f09b82bdcb8639d336faf9b8f38','2014-11-11'),('ca5fd715ed4869aa8f27283b4466c5f4','ca5fd715ed4869aa8f27283b4466c5f4','2014-09-26'),('cbc4ba96e7b8f57814c8db8eecb46837','cbc4ba96e7b8f57814c8db8eecb46837','2014-10-03'),('cbefbdf6545a49551c3e78e04bdce881','cbefbdf6545a49551c3e78e04bdce881','2014-10-14'),('cc5a924a4a54a1039d504a5fcd05840a','cc5a924a4a54a1039d504a5fcd05840a','2014-10-12'),('cc664788a28fc66f46af7a132bffbf29','cc664788a28fc66f46af7a132bffbf29','2014-09-27'),('cd8ff304669556e2fc76fd9a121f9fa9','cd8ff304669556e2fc76fd9a121f9fa9','2014-10-05'),('ce24103ed673eea82136a6ca5cb7fa3e','ce24103ed673eea82136a6ca5cb7fa3e','2014-10-05'),('ce40ddae90dcd6e6b1058c80ccaa2e0e','ce40ddae90dcd6e6b1058c80ccaa2e0e','2014-09-30'),('ce9b31db53258cba703ed9f240b79b4d','ce9b31db53258cba703ed9f240b79b4d','2014-10-16'),('d03a4bcf1fd0af29b9b40bd41f6a5884','d03a4bcf1fd0af29b9b40bd41f6a5884','2014-11-17'),('d0998af43357d7c77c4544d7d4d0b389','d0998af43357d7c77c4544d7d4d0b389','2015-04-29'),('d18d6fab5d3b4b3817859bc40378da6f','d18d6fab5d3b4b3817859bc40378da6f','2015-03-09'),('d21116d2586ae9a3616c7ed0dc69e6eb','d21116d2586ae9a3616c7ed0dc69e6eb','2014-09-30'),('d2d14139805cfeb2d489699a3fc997d6','d2d14139805cfeb2d489699a3fc997d6','2014-10-05'),('d301369fdf96653baadd621db68e07cc','d301369fdf96653baadd621db68e07cc','2014-10-05'),('d314aa1a9da8b1bb8f5d685d7bc4910f','d314aa1a9da8b1bb8f5d685d7bc4910f','2014-09-30'),('d331fa5190dd4eb5954dd947ae328cf0','d331fa5190dd4eb5954dd947ae328cf0','2014-09-29'),('d352982226d4132d5c621c93cc2165c2','d352982226d4132d5c621c93cc2165c2','2014-10-02'),('d4205ca7f3fe551befe638d66d14f5f0','d4205ca7f3fe551befe638d66d14f5f0','2014-10-27'),('d4674d4f0ef8b0a41d618b5ee93d21c3','d4674d4f0ef8b0a41d618b5ee93d21c3','2014-11-12'),('d46def1e987cd037cb2f6a2148f531ac','d46def1e987cd037cb2f6a2148f531ac','2014-11-10'),('d4b8d4fd287caf8beb9ece4531180619','d4b8d4fd287caf8beb9ece4531180619','2014-10-17'),('d4f0f920b1d2de24a1cfe19c91256187','d4f0f920b1d2de24a1cfe19c91256187','2015-05-20'),('d5836cff389b979c29733e4522030b89','d5836cff389b979c29733e4522030b89','2014-10-04'),('d5ab6846a621e33d7c566231ec5b0ced','d5ab6846a621e33d7c566231ec5b0ced','2014-10-30'),('d67bd5b6c132dcfeeb5353df4b08ab46','d67bd5b6c132dcfeeb5353df4b08ab46','2014-12-05'),('d70721548bc98fa61fb6a3b511217bda','d70721548bc98fa61fb6a3b511217bda','2015-04-29'),('d79789537ffd3a2813b3597a29638b7b','d79789537ffd3a2813b3597a29638b7b','2015-01-06'),('d7d6000efe9ee05e0c81484eb9e5bd46','d7d6000efe9ee05e0c81484eb9e5bd46','2014-11-06'),('d884c5735f72301bb7f4fa797824af2e','d884c5735f72301bb7f4fa797824af2e','2014-12-01'),('d899eff5038a74f0ac4399036d5bdaf7','d899eff5038a74f0ac4399036d5bdaf7','2014-10-31'),('d8e1ec7bf31b52b42e158881ebc4d870','d8e1ec7bf31b52b42e158881ebc4d870','2014-11-27'),('d953523fd98fcd45fd90dd2e818b049f','d953523fd98fcd45fd90dd2e818b049f','2014-10-02'),('d9feda86003e6236abe4747065e2352d','d9feda86003e6236abe4747065e2352d','2015-04-13'),('db770a7f3af64677bb0c5816921b7890','db770a7f3af64677bb0c5816921b7890','2014-10-29'),('dcca87955e5f93c27d71c078a52a581b','dcca87955e5f93c27d71c078a52a581b','2015-01-13'),('dce9ed893148f4d3fc1c402ce9f1b75d','dce9ed893148f4d3fc1c402ce9f1b75d','2014-10-26'),('ddeba1d90b032bf3d2f5f7e254de2a97','ddeba1d90b032bf3d2f5f7e254de2a97','2015-03-11'),('de3580dcde0d0d72b7137dee885768c9','de3580dcde0d0d72b7137dee885768c9','2014-11-26'),('df372dbf5a8e6f908ea97180d2ca02e3','df372dbf5a8e6f908ea97180d2ca02e3','2014-10-25'),('df655b531a2f75ea184d51b689a51c51','df655b531a2f75ea184d51b689a51c51','2014-09-30'),('e1173861fec9f415d7803c2e58720ed9','e1173861fec9f415d7803c2e58720ed9','2014-10-03'),('e1c17dec2f24766e0f2e445c6f53e2d1','e1c17dec2f24766e0f2e445c6f53e2d1','2014-09-30'),('e1e09e37f78d3cf691a41f8c0af84172','e1e09e37f78d3cf691a41f8c0af84172','2015-03-04'),('e1e355068f4d516fef14bab3d53a2be7','e1e355068f4d516fef14bab3d53a2be7','2014-10-05'),('e2ad627498c3d59608419a46ca6358e1','e2ad627498c3d59608419a46ca6358e1','2015-02-16'),('e2cb2d00e344a9a8856604675ba4a4c0','e2cb2d00e344a9a8856604675ba4a4c0','2014-09-30'),('e344a15c4a8fc04f71fdcf6bb8be8665','e344a15c4a8fc04f71fdcf6bb8be8665','2014-10-18'),('e3da4b783a7d6ef6cd1915122276ad1d','e3da4b783a7d6ef6cd1915122276ad1d','2014-11-17'),('e432cffa2300b1843a00ee05d7334f38','e432cffa2300b1843a00ee05d7334f38','2015-04-28'),('e5e01d36ffb95fc7f145127a486a8d90','e5e01d36ffb95fc7f145127a486a8d90','2015-01-16'),('e5ead3addc344643658dad388d3a7075','e5ead3addc344643658dad388d3a7075','2014-09-27'),('e6843a0b0a485f4169db8a0f042fc304','e6843a0b0a485f4169db8a0f042fc304','2014-10-29'),('e7100eb67ff72349518d2e62f97fa580','e7100eb67ff72349518d2e62f97fa580','2014-11-12'),('e747948b95f002d61007a4a6ad4c9eef','e747948b95f002d61007a4a6ad4c9eef','2014-10-12'),('e7f031835d210bb18c3c60b5e80b9097','e7f031835d210bb18c3c60b5e80b9097','2014-10-10'),('e869723c29066c4be71af209b37ac2ea','e869723c29066c4be71af209b37ac2ea','2015-05-06'),('e8c1b98f01df8e32e771fc1f50c3c24d','e8c1b98f01df8e32e771fc1f50c3c24d','2014-12-01'),('e9b294ecb953b06b1d8ebd9a6b6799cb','e9b294ecb953b06b1d8ebd9a6b6799cb','2014-09-30'),('e9d346064ae6e1372fa480532e4e1987','e9d346064ae6e1372fa480532e4e1987','2015-08-30'),('eac8e4503926dfd3a503acda57d5cba9','eac8e4503926dfd3a503acda57d5cba9','2014-10-10'),('eaee9818db9a1b25cdf24bdd400e30db','eaee9818db9a1b25cdf24bdd400e30db','2014-11-03'),('eb03d1b5f896d7bd8e45769990c626d9','eb03d1b5f896d7bd8e45769990c626d9','2014-10-01'),('eb573721f595c0b77b440f2cb50e50c2','eb573721f595c0b77b440f2cb50e50c2','2014-10-21'),('ec7ff7ac8a21198b1c539ac824229254','ec7ff7ac8a21198b1c539ac824229254','2014-10-17'),('ec8ffc706cebdecc217a3bec75c57b78','ec8ffc706cebdecc217a3bec75c57b78','2014-09-29'),('edaaeb9dda06a106c1c17d37e49d8e06','edaaeb9dda06a106c1c17d37e49d8e06','2014-11-17'),('edbb36953f0ef7475286f337625df78c','edbb36953f0ef7475286f337625df78c','2014-10-17'),('eebe9965627bda35aaa37b5615958960','eebe9965627bda35aaa37b5615958960','2014-11-30'),('ef6fc9be81cb76ad6514191ef7f0a8af','ef6fc9be81cb76ad6514191ef7f0a8af','2014-10-21'),('f07f2ed35a32423a30ea4c2e14c2aaad','f07f2ed35a32423a30ea4c2e14c2aaad','2014-10-02'),('f115fd01d976b1e9a981f7550fe5daaa','f115fd01d976b1e9a981f7550fe5daaa','2015-05-24'),('f1a245082d78e4de8eda9ef7b1f258dc','f1a245082d78e4de8eda9ef7b1f258dc','2014-12-12'),('f249af7e22f50a076bca59843954dda0','f249af7e22f50a076bca59843954dda0','2014-10-04'),('f2901984af514e42842c148968c238fa','f2901984af514e42842c148968c238fa','2015-03-16'),('f38cb93895924a71fc0a8925ca3c426a','f38cb93895924a71fc0a8925ca3c426a','2014-10-15'),('f4288ba21bac5e14a419262b00fc5d8a','f4288ba21bac5e14a419262b00fc5d8a','2014-10-31'),('f48afbfe8cbb164828014eddaebdcdcd','f48afbfe8cbb164828014eddaebdcdcd','2014-11-26'),('f4b62668ad3f471b1630f6e1f24fdab2','f4b62668ad3f471b1630f6e1f24fdab2','2014-10-07'),('f5b8fab46ec83358b32a5219c401b404','f5b8fab46ec83358b32a5219c401b404','2015-06-26'),('f5ff70bbdbc8d6952176c28b3e191728','f5ff70bbdbc8d6952176c28b3e191728','2015-09-03'),('f67cc94478ca623f7831617a3607ad0d','f67cc94478ca623f7831617a3607ad0d','2015-03-28'),('f6fedd827aefaeda1144ce2cb9392de3','f6fedd827aefaeda1144ce2cb9392de3','2014-10-08'),('f73105a45dd106755366fd51dfff863b','f73105a45dd106755366fd51dfff863b','2014-09-26'),('f7679206ea951b3fc005e0253468928e','f7679206ea951b3fc005e0253468928e','2014-10-25'),('f7997a00aac36999a6f2ce9012e6a97a','f7997a00aac36999a6f2ce9012e6a97a','2014-10-25'),('f9d305fbf1e492628cdf5ee048e77cf2','f9d305fbf1e492628cdf5ee048e77cf2','2015-01-29'),('fb250f91ce243a3c7ff671355b8936f2','fb250f91ce243a3c7ff671355b8936f2','2014-10-30'),('fbaa83be2212abac8883de5d2baaa560','fbaa83be2212abac8883de5d2baaa560','2014-11-25'),('fc94044a61d314d9bb3bd5d0a89bb39a','fc94044a61d314d9bb3bd5d0a89bb39a','2014-10-17'),('fdc6c4c15310b6b76ec8f6cdb9c9cb19','fdc6c4c15310b6b76ec8f6cdb9c9cb19','2014-10-02'),('fe00b6cf6aabd93e94a7b9346a1b31f2','fe00b6cf6aabd93e94a7b9346a1b31f2','2014-10-01'),('fe2dee172394907ed46498e4c1212071','fe2dee172394907ed46498e4c1212071','2014-10-05'),('fe7bb92e76e0978827a98bc1ef67c803','fe7bb92e76e0978827a98bc1ef67c803','2014-09-26');
/*!40000 ALTER TABLE `end_user_profile` ENABLE KEYS */;
UNLOCK TABLES;
/*!40103 SET TIME_ZONE=@OLD_TIME_ZONE */;

/*!40101 SET SQL_MODE=@OLD_SQL_MODE */;
/*!40014 SET FOREIGN_KEY_CHECKS=@OLD_FOREIGN_KEY_CHECKS */;
/*!40014 SET UNIQUE_CHECKS=@OLD_UNIQUE_CHECKS */;
/*!40101 SET CHARACTER_SET_CLIENT=@OLD_CHARACTER_SET_CLIENT */;
/*!40101 SET CHARACTER_SET_RESULTS=@OLD_CHARACTER_SET_RESULTS */;
/*!40101 SET COLLATION_CONNECTION=@OLD_COLLATION_CONNECTION */;
/*!40111 SET SQL_NOTES=@OLD_SQL_NOTES */;

-- Dump completed on 2015-09-18  6:07:38
